year,extreme_heat_days,predicted_hosp_baseline,predicted_hosp_with_alerts,avoided_hospitalisations
2017,20,445.0602155124489,311.5421508587142,134.0
2018,17,398.1309019547221,278.6916313683055,119.0
2019,21,520.9468768349653,364.6628137844757,156.0
2020,14,633.7222764664884,443.6055935265419,190.0
2021,18,712.0286177667359,498.42003243671513,214.0
2022,22,688.8803400941966,482.2162380659376,207.0
2023,19,823.2453108769162,576.2717176138412,247.0
