model,cv_mae,cv_r2
poly_ridge,0.4553525751300841,0.8910309445101504
random_forest,1.9234006349206347,-0.1430918959116983
mlp_regressor,5.673536304729898,-7.701592588467642
