model,accuracy,f1,roc_auc
logistic_regression,0.8333333333333334,0.8571428571428571,0.75
mlp_classifier,0.6666666666666666,0.6666666666666666,1.0
random_forest_classifier,0.5,0.6666666666666666,0.625
