model,mae_hours,rmse_hours,r2
elastic_net,0.20343462078828164,0.23093887226613363,0.9098177802701771
ridge,0.21131155433352244,0.26189746655765955,0.8840183096469922
gradient_boosting,0.662857198340501,0.7203366110826743,0.12259962435046545
random_forest,0.6766666666666672,0.7400228725193928,0.07398691091278875
