year,extreme_heat_days,flood_events_durham,insured_losses_m_cad,predicted_response_time_hrs,population,exposed_population_est,scenario_stress_score
2024,18.85625677765935,8,3489.428571428571,7.531380607941253,,,0.3
2030,17.116542100954284,9,3726.0000000000005,7.795385031128799,,,0.45826698790049947
2040,9.382081628841373,10,4120.285714285715,8.561700181978066,,,0.5658099248981812
2050,0.0,10,4514.571428571429,23.761527831042972,,,0.7
